Right Eye Position (x,y,z),Right Eye Forward Vector (x,y,z),Head Position (x,y,z),Head Rotation axis (x,y,z),Head Rotation angle ,Absolute intersection (x,y,z) ,Relative intersection (x,y,z) ,Interacted Object ID,timeStamp in ms
3.33646,-1.73182,-2.01734,0.00828381,-0.298771,0.954289,24.8,28.6633,69.7494,-0.00716843,0.993591,0.112805,179.472,24.8125,14.726,0,1011.8,479.505,0,0,50
3.32949,-1.72186,-2.01428,-0.00225677,-0.283689,0.958914,24.844,28.6255,69.8465,-0.00622543,0.99398,0.109385,179.356,25.7423,15.3343,0,1049.71,454.702,0,0,117
3.33054,-1.73299,-2.01767,-0.00064744,-0.300578,0.953757,24.9044,28.6222,69.708,-0.00550778,0.993744,0.111546,179.103,25.9314,14.3618,0,1057.42,494.356,0,0,183
3.33308,-1.7303,-2.01683,0.003206,-0.296508,0.955025,24.9053,28.6146,69.6999,-0.00575258,0.994119,0.108144,179.228,25.5186,14.1822,0,1040.59,501.68,0,0,250
3.32799,-1.72434,-2.01501,-0.00451064,-0.28747,0.957779,24.9153,28.6169,69.7233,-0.00534337,0.993934,0.109849,179.369,25.9237,15.1171,0,1057.11,463.558,0,0,300
3.32835,-1.72335,-2.01471,-0.00397018,-0.285979,0.958228,24.9581,28.5991,69.7271,-0.00488668,0.994165,0.107758,179.609,25.6253,14.9106,0,1044.94,471.977,0,0,366
3.33369,-1.73035,-2.01684,0.00415754,-0.296606,0.954991,24.9946,28.5974,69.7635,-0.00385372,0.993989,0.109408,179.345,25.3156,14.3307,0,1032.31,495.627,0,0,433
3.33192,-1.70458,-2.0094,0.00146257,-0.25756,0.966261,24.9303,28.6098,69.8053,-0.00244103,0.993972,0.109604,179.843,24.8759,17.3555,0,1014.38,372.28,0,0,500
3.33154,-1.70575,-2.00971,0.000898011,-0.259339,0.965786,24.6938,28.6516,69.7269,0.00146992,0.994069,0.108742,181.369,22.716,17.1455,0,926.309,380.843,0,0,550
3.30899,-1.7202,-2.01414,-0.0332854,-0.281238,0.959061,24.3235,28.6662,69.7689,0.00711267,0.993595,0.11278,183.353,22.2046,15.9953,0,905.456,427.747,0,0,617
3.25587,-1.73552,-2.02296,-0.113712,-0.304432,0.945722,23.0701,28.7181,70.1078,0.0221087,0.992766,0.118008,191.08,16.9212,14.6959,0,690.008,480.736,0,0,684
3.17378,-1.73599,-2.03859,-0.238039,-0.30507,0.922101,22.169,28.79,70.397,0.0327343,0.992259,0.119795,196.333,18.5108,14.2933,0,754.831,497.15,0,0,750
3.1239,-1.732,-2.05238,-0.313598,-0.298966,0.901263,20.9569,28.9563,70.5902,0.0466399,0.991169,0.12413,203.464,13.8692,14.9723,0,565.555,469.465,0,0,800
2.96055,-1.71151,-2.1304,-0.561007,-0.26758,0.783372,19.6373,29.1,71.1184,0.0647144,0.98871,0.135148,210.637,23.2226,16.0258,0,946.966,426.503,0,0,867
2.91332,-1.69644,-2.1625,-0.632538,-0.244605,0.73489,19.2346,29.0779,70.9933,0.0715993,0.987859,0.137871,212.892,31.4604,16.5903,0,1282.89,403.486,0,0,934
2.84396,-1.65381,-2.21811,-0.737585,-0.17973,0.650896,19.2499,28.8727,70.6162,0.0724811,0.987466,0.140209,212.219,37.5092,19.3041,0,1529.54,292.822,0,0,1000
2.84904,-1.64451,-2.21008,-0.729858,-0.165423,0.663282,19.5495,28.6695,70.3854,0.0601016,0.990885,0.120557,208.878,41.7656,18.3151,0,1703.11,333.151,0,0,1050
2.88343,-1.6517,-2.17681,-0.677707,-0.176033,0.713951,20.1154,28.4488,70.0138,0.0364022,0.993447,0.108347,204.613,43.1293,17.9341,0,1758.72,348.687,0,0,1117
2.94469,-1.67173,-2.13038,-0.584841,-0.206171,0.784509,20.8567,28.2766,69.591,0.0161112,0.994378,0.104657,200.104,41.2803,17.1752,0,1683.32,379.632,0,0,1183
3.02579,-1.69379,-2.08462,-0.461944,-0.239468,0.853969,22.4474,28.0722,69.0143,-0.0136422,0.994692,0.101989,191.031,44.5808,16.1918,0,1817.91,419.736,0,0,1250
3.12062,-1.71159,-2.04781,-0.318232,-0.266344,0.909829,23.4467,27.9817,68.6715,-0.023353,0.994827,0.0988614,186.317,40.173,14.521,0,1638.17,487.864,0,0,1300
3.26753,-1.7128,-2.01564,-0.0955595,-0.268096,0.958641,24.8315,27.9465,68.3378,-0.0355399,0.994706,0.0964208,179.537,33.476,14.4887,0,1365.08,489.183,0,0,1366
3.26753,-1.7128,-2.01564,-0.0955595,-0.268096,0.958641,24.8315,27.9465,68.3378,-0.0355399,0.994706,0.0964208,179.537,33.476,14.4887,0,1365.08,489.183,0,0,1433
3.45496,-1.68948,-2.01864,0.188425,-0.232767,0.954105,27.9151,28.3959,68.3804,-0.0774281,0.992047,0.0992358,163.982,35.6863,17.5261,0,1455.21,365.326,0,0,1500
3.45496,-1.68948,-2.01864,0.188425,-0.232767,0.954105,27.9151,28.3959,68.3804,-0.0774281,0.992047,0.0992358,163.982,35.6863,17.5261,0,1455.21,365.326,0,0,1550
3.45496,-1.68948,-2.01864,0.188425,-0.232767,0.954105,27.9151,28.3959,68.3804,-0.0774281,0.992047,0.0992358,163.982,35.6863,17.5261,0,1455.21,365.326,0,0,1616
3.45496,-1.68948,-2.01864,0.188425,-0.232767,0.954105,27.9151,28.3959,68.3804,-0.0774281,0.992047,0.0992358,163.982,35.6863,17.5261,0,1455.21,365.326,0,0,1684
3.45496,-1.68948,-2.01864,0.188425,-0.232767,0.954105,27.9151,28.3959,68.3804,-0.0774281,0.992047,0.0992358,163.982,35.6863,17.5261,0,1455.21,365.326,0,0,1750
3.45496,-1.68948,-2.01864,0.188425,-0.232767,0.954105,27.9151,28.3959,68.3804,-0.0774281,0.992047,0.0992358,163.982,35.6863,17.5261,0,1455.21,365.326,0,0,1800
3.45496,-1.68948,-2.01864,0.188425,-0.232767,0.954105,27.9151,28.3959,68.3804,-0.0774281,0.992047,0.0992358,163.982,35.6863,17.5261,0,1455.21,365.326,0,0,1867
3.45496,-1.68948,-2.01864,0.188425,-0.232767,0.954105,27.9151,28.3959,68.3804,-0.0774281,0.992047,0.0992358,163.982,35.6863,17.5261,0,1455.21,365.326,0,0,1934
3.54022,-1.63091,-2.02982,0.317573,-0.143939,0.937245,25.8654,27.4518,67.7097,-0.0111183,0.996987,0.0767697,179.36,3.18519,19.8363,0,129.885,271.119,0,0,2000
3.39473,-1.65816,-2.003,0.0971003,-0.185224,0.977887,24.4747,27.5416,67.8648,0.00862311,0.996889,0.0783487,186.605,9.29719,17.5553,0,379.119,364.133,0,0,2050
3.31257,-1.53118,-1.98843,-0.0275185,0.00679447,0.999598,22.4405,27.7378,68.7251,0.0347199,0.995858,0.084034,198.481,9.29719,17.5553,0,379.119,364.133,0,0,2117
3.04117,-1.66475,-2.06934,-0.438688,-0.195467,0.877124,20.0983,28.1887,69.8807,0.0694953,0.992214,0.103349,212.177,11.7564,17.9789,0,479.399,346.859,0,0,2183
3.00998,-1.67304,-2.08802,-0.485927,-0.207943,0.848902,19.2346,28.345,70.3872,0.0823329,0.990938,0.106129,217.733,7.3335,16.9881,0,299.044,387.264,0,0,2250
3.00998,-1.67304,-2.08802,-0.485927,-0.207943,0.848902,19.2346,28.345,70.3872,0.0823329,0.990938,0.106129,217.733,7.3335,16.9881,0,299.044,387.264,0,0,2300
3.00998,-1.67304,-2.08802,-0.485927,-0.207943,0.848902,19.2346,28.345,70.3872,0.0823329,0.990938,0.106129,217.733,7.3335,16.9881,0,299.044,387.264,0,0,2366
3.00998,-1.67304,-2.08802,-0.485927,-0.207943,0.848902,19.2346,28.345,70.3872,0.0823329,0.990938,0.106129,217.733,7.3335,16.9881,0,299.044,387.264,0,0,2433
2.77641,-1.51381,-2.29125,-0.839652,0.0344,0.542035,19.2866,27.516,69.3175,0.0240372,0.996545,0.0794971,209.01,7.3335,16.9881,0,299.044,387.264,0,0,2500
2.85444,-1.57921,-2.19406,-0.721383,-0.0644283,0.689533,19.9151,27.4587,69.0271,0.0125727,0.996892,0.0777673,205.497,46.8975,22.9797,0,1912.37,142.939,0,0,2550
2.949,-1.62312,-2.11768,-0.578062,-0.130767,0.805447,22.1815,27.3502,68.2509,-0.020801,0.996431,0.0818126,193.916,46.8975,22.9797,0,1912.37,142.939,0,0,2616
3.06635,-1.64948,-2.05506,-0.400255,-0.170662,0.900372,23.9595,27.2135,67.9371,-0.041521,0.996843,0.0676693,185.116,46.8975,22.9797,0,1912.37,142.939,0,0,2684
3.1874,-1.6507,-2.01513,-0.216863,-0.172552,0.960831,25.1141,27.2374,67.7083,-0.0479675,0.996339,0.0707599,181.095,40.8341,17.8556,0,1665.12,351.888,0,0,2750
3.1874,-1.6507,-2.01513,-0.216863,-0.172552,0.960831,25.1141,27.2374,67.7083,-0.0479675,0.996339,0.0707599,181.095,40.8341,17.8556,0,1665.12,351.888,0,0,2800
3.40699,-1.63831,-2.00164,0.115842,-0.153769,0.981293,28.3183,27.3001,67.8651,-0.0678665,0.996284,0.0530308,167.655,36.611,16.196,0,1492.92,419.564,0,0,2867
3.5178,-1.58588,-2.01833,0.283656,-0.0742659,0.956046,30.5035,27.3488,68.0568,-0.0825361,0.995221,0.0521816,155.024,41.4016,21.5508,0,1688.27,201.206,0,0,2934
3.5178,-1.58588,-2.01833,0.283656,-0.0742659,0.956046,30.5035,27.3488,68.0568,-0.0825361,0.995221,0.0521816,155.024,41.4016,21.5508,0,1688.27,201.206,0,0,3000
3.5178,-1.58588,-2.01833,0.283656,-0.0742659,0.956046,30.5035,27.3488,68.0568,-0.0825361,0.995221,0.0521816,155.024,41.4016,21.5508,0,1688.27,201.206,0,0,3050
3.5178,-1.58588,-2.01833,0.283656,-0.0742659,0.956046,30.5035,27.3488,68.0568,-0.0825361,0.995221,0.0521816,155.024,41.4016,21.5508,0,1688.27,201.206,0,0,3117
3.5178,-1.58588,-2.01833,0.283656,-0.0742659,0.956046,30.5035,27.3488,68.0568,-0.0825361,0.995221,0.0521816,155.024,41.4016,21.5508,0,1688.27,201.206,0,0,3183
3.5178,-1.58588,-2.01833,0.283656,-0.0742659,0.956046,30.5035,27.3488,68.0568,-0.0825361,0.995221,0.0521816,155.024,41.4016,21.5508,0,1688.27,201.206,0,0,3250
3.5178,-1.58588,-2.01833,0.283656,-0.0742659,0.956046,30.5035,27.3488,68.0568,-0.0825361,0.995221,0.0521816,155.024,41.4016,21.5508,0,1688.27,201.206,0,0,3300
3.49647,-1.61159,-2.01491,0.251312,-0.113185,0.961266,25.8235,26.866,68.3417,0.028542,0.998371,0.0494025,183.673,1.7555,19.2833,0,71.5852,293.67,0,0,3367
3.33209,-1.46237,-1.99297,0.00218123,0.112069,0.993698,25.2297,26.8627,68.5315,0.0284482,0.998547,0.0457618,186.147,1.7555,19.2833,0,71.5852,293.67,0,0,3433
3.3228,-1.51968,-1.98849,-0.0121756,0.0243539,0.999629,25.121,27.4653,68.4377,0.0233254,0.997388,0.0683579,185.42,23.5641,31.0822,2,-0.127459,0.0278187,0,1,3500
3.28011,-1.57334,-1.99073,-0.0770092,-0.057878,0.995349,25.265,28.5352,68.6424,0.0209817,0.993391,0.112842,184.148,23.5641,31.0822,2,-0.127459,0.0278187,0,1,3550
3.2696,-1.70305,-2.01232,-0.0929594,-0.254431,0.962613,25.4927,30.1461,69.2656,0.0108017,0.981417,0.191585,182.564,23.5641,31.0822,2,-0.127459,0.0278187,0,1,3616
3.33906,-1.84537,-2.06513,0.0121973,-0.470193,0.882479,25.673,31.4974,70.6817,-0.003543,0.96179,0.273765,180.322,24.3612,25.6222,0,993.395,35.1853,0,0,3683
3.38747,-1.88575,-2.09132,0.0854984,-0.53135,0.842827,25.4957,32.0414,71.722,-0.0162745,0.95216,0.305165,178.991,24.3612,25.6222,0,993.395,35.1853,0,0,3751
3.40619,-1.90768,-2.10804,0.113854,-0.564532,0.817521,25.4509,32.0837,71.8787,-0.0177018,0.950523,0.31015,178.829,18.7216,24.7739,0,763.426,69.7749,0,0,3800
3.42649,-1.93402,-2.13056,0.144568,-0.604338,0.783502,25.3542,32.1067,72.1062,-0.0203405,0.94916,0.314136,178.714,16.5931,21.4116,0,676.629,206.882,0,0,3867
3.42649,-1.93402,-2.13056,0.144568,-0.604338,0.783502,25.3542,32.1067,72.1062,-0.0203405,0.94916,0.314136,178.714,16.5931,21.4116,0,676.629,206.882,0,0,3934
3.42649,-1.93402,-2.13056,0.144568,-0.604338,0.783502,25.3542,32.1067,72.1062,-0.0203405,0.94916,0.314136,178.714,16.5931,21.4116,0,676.629,206.882,0,0,4000
3.42649,-1.93402,-2.13056,0.144568,-0.604338,0.783502,25.3542,32.1067,72.1062,-0.0203405,0.94916,0.314136,178.714,16.5931,21.4116,0,676.629,206.882,0,0,4050
3.42649,-1.93402,-2.13056,0.144568,-0.604338,0.783502,25.3542,32.1067,72.1062,-0.0203405,0.94916,0.314136,178.714,23.0618,5.24846,0,940.409,865.98,0,0,4117
3.36812,-1.71583,-2.01395,0.0560154,-0.27378,0.96016,25.5892,27.6581,68.8469,-0.0225286,0.996476,0.0808022,179.006,23.3988,11.1169,0,954.152,626.678,0,0,4183
3.36812,-1.71583,-2.01395,0.0560154,-0.27378,0.96016,25.5892,27.6581,68.8469,-0.0225286,0.996476,0.0808022,179.006,23.3988,11.1169,0,954.152,626.678,0,0,4250
3.41379,-1.39514,-2.00652,0.125127,0.210234,0.969611,25.9275,25.3418,67.9484,-0.0181106,0.999707,-0.0160879,178.423,20.0622,19.8121,0,818.091,272.108,0,0,4300
3.41379,-1.39514,-2.00652,0.125127,0.210234,0.969611,25.9275,25.3418,67.9484,-0.0181106,0.999707,-0.0160879,178.423,20.0622,19.8121,0,818.091,272.108,0,0,4366
3.41379,-1.39514,-2.00652,0.125127,0.210234,0.969611,25.9275,25.3418,67.9484,-0.0181106,0.999707,-0.0160879,178.423,20.0622,19.8121,0,818.091,272.108,0,0,4433
3.41379,-1.39514,-2.00652,0.125127,0.210234,0.969611,25.9275,25.3418,67.9484,-0.0181106,0.999707,-0.0160879,178.423,20.0622,19.8121,0,818.091,272.108,0,0,4500
3.41379,-1.39514,-2.00652,0.125127,0.210234,0.969611,25.9275,25.3418,67.9484,-0.0181106,0.999707,-0.0160879,178.423,20.0622,19.8121,0,818.091,272.108,0,0,4550
3.41379,-1.39514,-2.00652,0.125127,0.210234,0.969611,25.9275,25.3418,67.9484,-0.0181106,0.999707,-0.0160879,178.423,20.0622,19.8121,0,818.091,272.108,0,0,4616
3.41379,-1.39514,-2.00652,0.125127,0.210234,0.969611,25.9275,25.3418,67.9484,-0.0181106,0.999707,-0.0160879,178.423,20.0622,19.8121,0,818.091,272.108,0,0,4683
3.41379,-1.39514,-2.00652,0.125127,0.210234,0.969611,25.9275,25.3418,67.9484,-0.0181106,0.999707,-0.0160879,178.423,20.0622,19.8121,0,818.091,272.108,0,0,4749
3.38616,-1.3236,-2.02328,0.0832433,0.318633,0.944216,25.9279,27.1258,67.2532,0.00624044,0.998563,0.0532267,179.463,20.0622,19.8121,0,818.091,272.108,0,0,4800
3.38616,-1.3236,-2.02328,0.0832433,0.318633,0.944216,25.9279,27.1258,67.2532,0.00624044,0.998563,0.0532267,179.463,20.0622,19.8121,0,818.091,272.108,0,0,4867
3.57506,-1.62288,-2.03949,0.369366,-0.135064,0.919417,25.9079,28.486,68.3291,0.00978931,0.993987,0.109059,179.419,20.0622,19.8121,0,818.091,272.108,0,0,4934
3.57506,-1.62288,-2.03949,0.369366,-0.135064,0.919417,25.9079,28.486,68.3291,0.00978931,0.993987,0.109059,179.419,20.0622,19.8121,0,818.091,272.108,0,0,5000
3.36466,-1.78054,-2.0351,0.0505466,-0.373932,0.926078,25.718,30.9468,70.3859,0.00733632,0.973653,0.227915,180.455,20.0622,19.8121,0,818.091,272.108,0,0,5050
3.36233,-1.81379,-2.04947,0.0469823,-0.424319,0.904293,25.6689,31.3001,70.9276,0.00593596,0.969268,0.245936,180.476,20.0622,19.8121,0,818.091,272.108,0,0,5117
3.36781,-1.88276,-2.08732,0.0552061,-0.528897,0.846889,25.4286,32.2046,72.9011,-0.00583121,0.950777,0.309822,181.196,20.0622,19.8121,0,818.091,272.108,0,0,5183
3.36122,-1.9424,-2.1289,0.0451984,-0.619252,0.78389,25.3821,32.3712,73.4661,-0.00990369,0.944803,0.327488,181.121,20.5253,22.8734,0,836.974,147.274,0,0,5250
3.36726,-2.00197,-2.18255,0.0543091,-0.709489,0.70262,25.4807,32.4548,74.2163,-0.0111686,0.942604,0.333727,180.597,20.6234,14.4954,0,840.977,488.908,0,0,5300
3.37478,-2.00141,-2.18261,0.0656202,-0.708456,0.702698,25.6351,31.9823,73.7588,-0.0109596,0.952767,0.303504,179.911,20.6038,9.19264,0,840.176,705.145,0,0,5367
3.37478,-2.00141,-2.18261,0.0656202,-0.708456,0.702698,25.6351,31.9823,73.7588,-0.0109596,0.952767,0.303504,179.911,20.6038,9.19264,0,840.176,705.145,0,0,5433
3.37527,-1.91872,-2.11203,0.0663035,-0.583161,0.809646,25.9402,29.7652,71.6776,-0.0162416,0.983685,0.179167,179.109,22.1197,0.442276,0,901.992,1061.96,0,0,5500
3.37458,-1.81969,-2.05306,0.0651709,-0.433152,0.898962,26.264,28.2225,70.5153,-0.0136815,0.993587,0.112236,178.548,23.1721,2.83842,0,944.908,964.256,0,0,5550
3.39305,-1.72146,-2.01661,0.093115,-0.28431,0.9542,26.3636,27.6916,70.2667,-0.014387,0.996836,0.0781681,177.861,22.2678,9.66935,0,908.031,685.705,0,0,5616
3.39305,-1.72146,-2.01661,0.093115,-0.28431,0.9542,26.3636,27.6916,70.2667,-0.014387,0.996836,0.0781681,177.861,22.2678,9.66935,0,908.031,685.705,0,0,5683
3.44115,-1.30784,-2.0351,0.166072,0.341328,0.925157,26.827,25.5461,68.8931,-0.00780048,0.999846,-0.0156918,177.507,22.2678,9.66935,0,908.031,685.705,0,0,5750
3.39073,-1.31623,-2.0249,0.0898159,0.328292,0.940296,26.8942,24.3969,68.1401,0.000626799,0.998564,-0.0535711,177.537,24.8901,33.3375,2,0.958466,0.482944,0,1,5799
3.39084,-1.31606,-2.02474,0.0898159,0.328292,0.940296,26.8862,24.2071,68.0661,0.000843812,0.998119,-0.061306,177.951,24.4309,32.1013,2,0.499273,-0.753288,0,1,5867
3.39084,-1.31606,-2.02474,0.0898159,0.328292,0.940296,26.8862,24.2071,68.0661,0.000843812,0.998119,-0.061306,177.951,24.4309,32.1013,2,0.499273,-0.753288,0,1,5934
3.39084,-1.31606,-2.02474,0.0898159,0.328292,0.940296,26.8862,24.2071,68.0661,0.000843812,0.998119,-0.061306,177.951,24.4309,32.1013,2,0.499273,-0.753288,0,1,6000
3.39084,-1.31606,-2.02474,0.0898159,0.328292,0.940296,26.8862,24.2071,68.0661,0.000843812,0.998119,-0.061306,177.951,24.4309,32.1013,2,0.499273,-0.753288,0,1,6050
3.39084,-1.31606,-2.02474,0.0898159,0.328292,0.940296,26.8862,24.2071,68.0661,0.000843812,0.998119,-0.061306,177.951,24.4309,32.1013,2,0.499273,-0.753288,0,1,6117
3.39084,-1.31606,-2.02474,0.0898159,0.328292,0.940296,26.8862,24.2071,68.0661,0.000843812,0.998119,-0.061306,177.951,24.4309,32.1013,2,0.499273,-0.753288,0,1,6184
3.26434,-1.31909,-2.02433,-0.101939,0.323498,0.940722,22.6122,25.6259,68.3755,0.0437768,0.998985,-0.01061,199.669,24.4309,32.1013,2,0.499273,-0.753288,0,1,6250
3.1012,-1.49943,-2.02765,-0.349097,0.0503066,0.935735,21.5266,26.0743,68.701,0.0546001,0.998501,0.00390309,205.135,16.6289,20.8694,0,678.088,228.991,0,0,6300
2.95111,-1.50929,-2.10652,-0.576492,0.0354639,0.816333,20.3541,27.2135,69.3488,0.0736364,0.995894,0.0526657,210.797,26.4653,24.7958,0,1079.2,68.8811,0,0,6367
2.87275,-1.56435,-2.17209,-0.695135,-0.0476371,0.717299,19.987,28.7844,69.9191,0.09096,0.98769,0.127256,213.436,26.4653,24.7958,0,1079.2,68.8811,0,0,6433
2.85978,-1.62237,-2.1928,-0.71475,-0.135273,0.686174,20.2917,29.6449,70.7193,0.0923129,0.981366,0.16852,211.798,36.217,26.072,0,1476.85,16.8418,0,0,6500
2.87392,-1.68358,-2.19457,-0.693289,-0.227805,0.683707,20.4975,29.9789,70.7685,0.0908976,0.979297,0.180873,211.241,34.3741,21.714,0,1401.7,194.55,0,0,6550
2.88513,-1.7041,-2.19065,-0.676301,-0.258932,0.689617,20.7935,30.3713,71.1864,0.0883117,0.974843,0.20465,209.924,34.6177,23.1686,0,1411.63,135.235,0,0,6616
2.93907,-1.80592,-2.19063,-0.594532,-0.412815,0.690012,21.7336,31.2137,71.7122,0.0636676,0.961439,0.267547,205.006,34.7498,22.9391,0,1417.02,144.594,0,0,6683
2.98791,-1.87261,-2.196,-0.520503,-0.513631,0.6821,22.4336,31.5351,72.6307,0.0457051,0.955908,0.290087,200.847,35.2095,19.8104,0,1435.76,272.177,0,0,6750
3.02032,-1.90205,-2.19557,-0.471386,-0.558159,0.682828,22.9631,31.7053,72.6388,0.0348502,0.953162,0.300447,197.984,35.7398,18.6982,0,1457.39,317.53,0,0,6799
3.1217,-1.95487,-2.18341,-0.317667,-0.637514,0.7019,24.5935,31.9579,72.7982,0.00952747,0.948878,0.315501,188.688,37.5708,16.5402,0,1532.05,405.529,0,0,6867
3.21851,-1.9636,-2.15839,-0.170841,-0.650552,0.739997,25.6339,32.0165,72.4645,-0.000389227,0.949742,0.313034,182.952,34.3885,16.7292,0,1402.29,397.818,0,0,6934
3.32302,-1.94903,-2.13348,-0.0124997,-0.628474,0.77773,27.0067,32.0359,72.5076,-0.0179129,0.950439,0.310396,174.894,34.1964,19.213,0,1394.45,296.537,0,0,7000
3.46258,-1.95048,-2.15171,0.198884,-0.630565,0.750222,28.1684,31.9531,72.3981,-0.0283599,0.949778,0.311637,168.651,27.1806,18.3107,0,1108.36,333.332,0,0,7050
3.54936,-1.96878,-2.20043,0.33035,-0.658433,0.676266,29.6806,31.7447,72.2793,-0.0446174,0.95309,0.29938,160.794,27.8298,11.6621,0,1134.84,604.447,0,0,7117
3.66947,-1.91682,-2.22857,0.512278,-0.579208,0.634105,31.0404,31.3413,71.8683,-0.0566347,0.958566,0.279186,153.756,22.6905,12.79,0,925.268,558.452,0,0,7183
3.66947,-1.91682,-2.22857,0.512278,-0.579208,0.634105,31.0404,31.3413,71.8683,-0.0566347,0.958566,0.279186,153.756,22.6905,12.79,0,925.268,558.452,0,0,7250
3.66947,-1.91682,-2.22857,0.512278,-0.579208,0.634105,31.0404,31.3413,71.8683,-0.0566347,0.958566,0.279186,153.756,22.6905,12.79,0,925.268,558.452,0,0,7300
3.6694,-1.91746,-2.22919,0.512278,-0.579208,0.634105,33.3531,28.8268,70.5574,-0.0623849,0.989826,0.127881,145.921,22.6905,12.79,0,925.268,558.452,0,0,7367
3.6694,-1.91746,-2.22919,0.512278,-0.579208,0.634105,33.3531,28.8268,70.5574,-0.0623849,0.989826,0.127881,145.921,22.6905,12.79,0,925.268,558.452,0,0,7433
3.6694,-1.91746,-2.22919,0.512278,-0.579208,0.634105,33.3531,28.8268,70.5574,-0.0623849,0.989826,0.127881,145.921,22.6905,12.79,0,925.268,558.452,0,0,7500
3.6694,-1.91746,-2.22919,0.512278,-0.579208,0.634105,33.3531,28.8268,70.5574,-0.0623849,0.989826,0.127881,145.921,22.6905,12.79,0,925.268,558.452,0,0,7550
3.6694,-1.91746,-2.22919,0.512278,-0.579208,0.634105,33.3531,28.8268,70.5574,-0.0623849,0.989826,0.127881,145.921,22.6905,12.79,0,925.268,558.452,0,0,7616
3.6694,-1.91746,-2.22919,0.512278,-0.579208,0.634105,33.3531,28.8268,70.5574,-0.0623849,0.989826,0.127881,145.921,22.6905,12.79,0,925.268,558.452,0,0,7683
3.6694,-1.91746,-2.22919,0.512278,-0.579208,0.634105,33.3531,28.8268,70.5574,-0.0623849,0.989826,0.127881,145.921,22.6905,12.79,0,925.268,558.452,0,0,7750
3.6694,-1.91746,-2.22919,0.512278,-0.579208,0.634105,33.3531,28.8268,70.5574,-0.0623849,0.989826,0.127881,145.921,22.6905,12.79,0,925.268,558.452,0,0,7799
3.6694,-1.91746,-2.22919,0.512278,-0.579208,0.634105,33.3531,28.8268,70.5574,-0.0623849,0.989826,0.127881,145.921,22.6905,12.79,0,925.268,558.452,0,0,7866
3.6694,-1.91746,-2.22919,0.512278,-0.579208,0.634105,33.3531,28.8268,70.5574,-0.0623849,0.989826,0.127881,145.921,22.6905,12.79,0,925.268,558.452,0,0,7934
2.91684,-1.48596,-2.13652,-0.627917,0.0747539,0.774682,21.0687,27.3007,67.996,0.13772,0.989282,0.0485323,211.931,29.7242,23.1509,0,1212.09,135.958,0,0,8000
2.90407,-1.50028,-2.14599,-0.647236,0.0531547,0.760435,20.9767,27.2438,67.6552,0.135841,0.988658,0.0640592,211.735,31.2746,23.1577,0,1275.31,135.679,0,0,8050
2.89989,-1.5123,-2.14898,-0.653521,0.0351448,0.756092,20.7403,26.9157,67.9629,0.132143,0.990262,0.0438185,211.658,31.2214,19.2494,0,1273.14,295.05,0,0,8117
2.89181,-1.46969,-2.16014,-0.665697,0.100025,0.739488,20.413,25.795,67.5928,0.120914,0.992651,-0.00485657,211.984,32.5732,17.1359,0,1328.26,381.238,0,0,8183
2.87627,-1.42797,-2.18247,-0.689171,0.163491,0.705914,20.9077,24.7721,66.8152,0.0969334,0.994272,-0.0450148,208.286,40.95,16.4463,0,1669.85,409.357,0,0,8250
2.91363,-1.42546,-2.14933,-0.632532,0.167407,0.756226,21.4835,24.2545,66.6752,0.0741922,0.995547,-0.0581512,204.358,41.1358,16.2797,0,1677.43,416.148,0,0,8300
2.94411,-1.40188,-2.13094,-0.586331,0.203212,0.784169,22.5298,23.8897,66.2109,0.0503861,0.996529,-0.0662744,199.152,44.8958,18.9082,0,1830.75,308.966,0,0,8367
2.99347,-1.40059,-2.09782,-0.511515,0.205226,0.834407,23.2834,23.9179,65.938,0.043447,0.996701,-0.0685567,195.388,43.7435,19.2494,0,1783.76,295.052,0,0,8433
2.99347,-1.40059,-2.09782,-0.511515,0.205226,0.834407,23.2834,23.9179,65.938,0.043447,0.996701,-0.0685567,195.388,43.7435,19.2494,0,1783.76,295.052,0,0,8500
2.99347,-1.40059,-2.09782,-0.511515,0.205226,0.834407,23.2834,23.9179,65.938,0.043447,0.996701,-0.0685567,195.388,43.7435,19.2494,0,1783.76,295.052,0,0,8550
2.99347,-1.40059,-2.09782,-0.511515,0.205226,0.834407,23.2834,23.9179,65.938,0.043447,0.996701,-0.0685567,195.388,43.7435,19.2494,0,1783.76,295.052,0,0,8616
2.99351,-1.40062,-2.09785,-0.511515,0.205226,0.834407,30.8632,25.8134,66.8616,-0.0555672,0.998447,-0.00400462,158.551,43.7435,19.2494,0,1783.76,295.052,0,0,8683
2.99351,-1.40062,-2.09785,-0.511515,0.205226,0.834407,30.8632,25.8134,66.8616,-0.0555672,0.998447,-0.00400462,158.551,43.7435,19.2494,0,1783.76,295.052,0,0,8749
2.99351,-1.40062,-2.09785,-0.511515,0.205226,0.834407,30.8632,25.8134,66.8616,-0.0555672,0.998447,-0.00400462,158.551,43.7435,19.2494,0,1783.76,295.052,0,0,8799
2.99351,-1.40062,-2.09785,-0.511515,0.205226,0.834407,30.8632,25.8134,66.8616,-0.0555672,0.998447,-0.00400462,158.551,43.7435,19.2494,0,1783.76,295.052,0,0,8866
2.99351,-1.40062,-2.09785,-0.511515,0.205226,0.834407,30.8632,25.8134,66.8616,-0.0555672,0.998447,-0.00400462,158.551,43.7435,19.2494,0,1783.76,295.052,0,0,8933
2.99351,-1.40062,-2.09785,-0.511515,0.205226,0.834407,30.8632,25.8134,66.8616,-0.0555672,0.998447,-0.00400462,158.551,43.7435,19.2494,0,1783.76,295.052,0,0,9000
2.99351,-1.40062,-2.09785,-0.511515,0.205226,0.834407,30.8632,25.8134,66.8616,-0.0555672,0.998447,-0.00400462,158.551,43.7435,19.2494,0,1783.76,295.052,0,0,9050
2.99351,-1.40062,-2.09785,-0.511515,0.205226,0.834407,30.8632,25.8134,66.8616,-0.0555672,0.998447,-0.00400462,158.551,43.7435,19.2494,0,1783.76,295.052,0,0,9117
2.99351,-1.40062,-2.09785,-0.511515,0.205226,0.834407,30.8632,25.8134,66.8616,-0.0555672,0.998447,-0.00400462,158.551,43.7435,19.2494,0,1783.76,295.052,0,0,9183
2.99351,-1.40062,-2.09785,-0.511515,0.205226,0.834407,30.8632,25.8134,66.8616,-0.0555672,0.998447,-0.00400462,158.551,43.7435,19.2494,0,1783.76,295.052,0,0,9250
2.99351,-1.40062,-2.09785,-0.511515,0.205226,0.834407,30.8632,25.8134,66.8616,-0.0555672,0.998447,-0.00400462,158.551,43.7435,19.2494,0,1783.76,295.052,0,0,9300
3.41028,-1.96982,-2.15745,0.119904,-0.656887,0.744394,27.1257,31.9504,73.328,0.0757531,0.941558,0.328223,188.881,0.485563,19.939,0,19.8002,266.93,0,0,9367
3.27372,-1.97025,-2.15482,-0.0869966,-0.657532,0.748387,26.3147,31.877,73.085,0.0894948,0.942164,0.322984,194.396,8.82532,18.3006,0,359.877,333.741,0,0,9433
3.21055,-1.95908,-2.15651,-0.182656,-0.640651,0.74579,25.576,31.8188,73.2685,0.10381,0.945159,0.309675,199.705,9.37597,9.22643,0,382.331,703.767,0,0,9500
3.08148,-1.95111,-2.20019,-0.378149,-0.628139,0.680033,24.3829,31.5061,73.1824,0.113668,0.952117,0.283818,206.302,14.2885,9.91222,0,582.655,675.802,0,0,9550
2.96236,-1.87287,-2.21712,-0.55862,-0.509415,0.654553,22.8177,30.7235,72.0703,0.114515,0.964347,0.238583,212.309,21.4475,9.73966,0,874.58,682.838,0,0,9616
2.90953,-1.81314,-2.22315,-0.638647,-0.418697,0.645618,22.2283,30.2961,71.626,0.114711,0.970737,0.210975,213.768,26.4363,11.3349,0,1078.02,617.788,0,0,9683
2.88809,-1.7824,-2.2261,-0.671117,-0.372008,0.641258,21.6394,29.6662,71.0799,0.110399,0.976876,0.183102,215.058,27.7921,10.4141,0,1133.3,655.338,0,0,9749
2.84413,-1.67679,-2.22635,-0.737693,-0.211826,0.641046,21.0634,28.4121,69.4687,0.101054,0.988108,0.11589,215.12,34.4372,12.2022,0,1404.27,582.423,0,0,9799
2.83587,-1.60868,-2.21907,-0.75017,-0.108397,0.6523,20.9422,27.4911,68.9171,0.0926237,0.99267,0.0776353,213.327,38.551,14.3175,0,1572.02,496.162,0,0,9866
2.84817,-1.53509,-2.19971,-0.731493,0.00331648,0.681841,20.961,26.5104,68.2363,0.0848852,0.995642,0.0386259,211.614,39.7211,17.4086,0,1619.74,370.117,0,0,9933
2.87189,-1.48055,-2.17909,-0.695496,0.086222,0.713338,21.299,25.6159,67.3111,0.0737637,0.99727,-0.00349029,208.68,40.9245,18.3324,0,1668.81,332.446,0,0,10000
2.91639,-1.4408,-2.14559,-0.628036,0.1466,0.764251,21.8227,25.1349,67.0148,0.061734,0.998044,-0.00981531,204.896,40.5321,22.37,0,1652.81,167.8,0,0,10050
2.94092,-1.436,-2.12733,-0.590856,0.153923,0.791958,21.8908,25.1194,66.7503,0.0587295,0.998168,-0.0145264,204.533,37.7445,22.7143,0,1539.14,153.76,0,0,10117
2.99049,-1.4413,-2.09291,-0.515706,0.146012,0.844232,22.6067,25.1907,66.6323,0.0497122,0.998763,0.00138768,200.696,36.774,24.9375,0,1499.56,63.1044,0,0,10183
3.05663,-1.47617,-2.053,-0.415445,0.0933128,0.904819,23.1872,25.5348,66.724,0.0477491,0.998761,0.0140141,197.96,32.2981,23.8876,0,1317.05,105.915,0,0,10250
3.07538,-1.49915,-2.04286,-0.387021,0.0585231,0.920212,23.4014,25.6854,66.8701,0.0467412,0.9985,0.0285242,195.879,32.6019,23.6532,0,1329.43,115.473,0,0,10300
3.09393,-1.52372,-2.03436,-0.358894,0.0213308,0.933135,23.6226,25.8679,66.9961,0.0490746,0.998462,0.0257941,196.603,29.5516,21.1369,0,1205.05,218.082,0,0,10367
3.10554,-1.53686,-2.0299,-0.341265,0.00150514,0.939966,23.6926,25.9482,66.9992,0.050964,0.998374,0.0255233,196.815,27.9,19.9342,0,1137.7,267.129,0,0,10433
3.1064,-1.54373,-2.02964,-0.339934,-0.00885932,0.940408,23.729,26.0135,67.1063,0.0521589,0.998162,0.0308414,196.546,28.0755,19.9391,0,1144.86,266.927,0,0,10500
3.10367,-1.55334,-2.03084,-0.344025,-0.0233289,0.938671,23.7672,26.0612,67.1774,0.0541213,0.998167,0.0270864,196.264,28.5751,18.3849,0,1165.23,330.304,0,0,10550
3.1028,-1.55689,-2.03131,-0.345304,-0.0286126,0.938055,23.8004,26.1234,67.1466,0.0549662,0.997866,0.035254,196.644,28.2337,19.1503,0,1151.31,299.092,0,0,10616
3.10381,-1.55991,-2.03107,-0.343741,-0.0331261,0.93848,23.8243,26.1572,67.1515,0.0563165,0.997794,0.0351537,197.08,27.5731,18.8706,0,1124.37,310.501,0,0,10683
3.10032,-1.56068,-2.0324,-0.349023,-0.0342674,0.936488,23.8339,26.1536,67.1179,0.0567774,0.997697,0.0371129,196.473,28.6647,18.9388,0,1168.88,307.717,0,0,10750
3.10008,-1.56299,-2.03262,-0.349348,-0.0376781,0.936235,23.8259,26.1568,67.0723,0.0569039,0.997635,0.0385647,196.842,28.2261,18.9229,0,1151,308.366,0,0,10799
3.06676,-1.59872,-2.04858,-0.399862,-0.0919341,0.911953,23.8004,26.1544,67.1217,0.0566304,0.997789,0.0347975,196.678,31.741,14.145,0,1294.33,503.198,0,0,10866
2.89839,-1.76057,-2.20423,-0.654886,-0.336632,0.676612,23.7219,26.2507,67.1598,0.0575674,0.997734,0.0348273,197.293,31.741,14.145,0,1294.33,503.198,0,0,10933
2.8952,-1.75956,-2.20691,-0.659678,-0.334787,0.672861,23.7298,26.2626,67.1763,0.0583656,0.997308,0.0443866,196.742,31.741,14.145,0,1294.33,503.198,0,0,10999
2.90507,-1.7498,-2.19289,-0.644679,-0.319702,0.694391,23.7873,26.2867,67.2187,0.0587512,0.99762,0.0360991,196.842,31.741,14.145,0,1294.33,503.198,0,0,11050
2.90589,-1.74899,-2.1918,-0.643418,-0.318325,0.696192,23.8002,26.3019,67.1075,0.0589493,0.99764,0.0351925,197.213,31.741,14.145,0,1294.33,503.198,0,0,11117
2.90687,-1.74948,-2.19118,-0.641883,-0.318804,0.697388,23.8617,26.292,67.2244,0.0601348,0.997364,0.0406043,196.918,31.741,14.145,0,1294.33,503.198,0,0,11183
2.90004,-1.7427,-2.19456,-0.652185,-0.308201,0.692579,23.8942,26.2952,67.2854,0.0605943,0.997387,0.0393292,196.589,31.741,14.145,0,1294.33,503.198,0,0,11250
2.8992,-1.74347,-2.19577,-0.653419,-0.309093,0.691017,23.9065,26.2991,67.2569,0.0605478,0.997462,0.0374615,196.888,31.741,14.145,0,1294.33,503.198,0,0,11300
2.89796,-1.74252,-2.19663,-0.655236,-0.307225,0.690129,23.9288,26.3082,67.1905,0.0611963,0.997311,0.0403271,196.909,31.741,14.145,0,1294.33,503.198,0,0,11367
2.89937,-1.7429,-2.19553,-0.653048,-0.307493,0.692082,23.9575,26.3148,67.2468,0.0618693,0.997395,0.0370759,196.434,31.741,14.145,0,1294.33,503.198,0,0,11433
2.90085,-1.74316,-2.19433,-0.650755,-0.307573,0.694202,24.0008,26.3002,67.2853,0.0615388,0.997139,0.0438864,196.018,31.741,14.145,0,1294.33,503.198,0,0,11500
2.90101,-1.74283,-2.19407,-0.650495,-0.306936,0.694728,24.0169,26.2983,67.3328,0.0614919,0.99724,0.0416,196.425,31.741,14.145,0,1294.33,503.198,0,0,11550
2.90239,-1.7425,-2.19275,-0.648329,-0.305997,0.697163,24.1027,26.2997,67.093,0.0615841,0.997312,0.0396926,196.251,31.741,14.145,0,1294.33,503.198,0,0,11616
2.90366,-1.74267,-2.19172,-0.64636,-0.305972,0.699,24.1434,26.2892,67.0248,0.0614139,0.997393,0.0378907,196.036,31.741,14.145,0,1294.33,503.198,0,0,11683
2.90647,-1.74089,-2.18847,-0.642047,-0.302872,0.704304,24.1914,26.1943,67.2716,0.0622002,0.997276,0.0396543,195.761,31.741,14.145,0,1294.33,503.198,0,0,11749
2.90601,-1.74038,-2.18871,-0.642721,-0.301966,0.704078,24.2048,26.2573,66.8965,0.0628572,0.997305,0.0378436,196.595,31.741,14.145,0,1294.33,503.198,0,0,11799
